{"cameraMode":{"drawMode":0,"name":"Shaded","section":"Shading Mode"},"sceneLighting":true,"audioPlay":false,"sceneViewState":{"m_AlwaysRefresh":false,"showFog":true,"showSkybox":true,"showFlares":true,"showImageEffects":true,"showParticleSystems":true,"showVisualEffectGraphs":true,"m_FxEnabled":true},"in2DMode":false,"pivot":{"x":3.9992032051086427,"y":3.8003456592559816,"z":1.537196397781372},"rotation":{"x":0.08200181275606156,"y":-0.10152193903923035,"z":-0.008226221427321434,"w":-0.991493284702301},"size":6.300018310546875,"orthographic":false}