{"cameraMode":{"drawMode":0,"name":"Shaded","section":"Shading Mode"},"sceneLighting":true,"audioPlay":false,"sceneViewState":{"m_AlwaysRefresh":false,"showFog":true,"showSkybox":true,"showFlares":true,"showImageEffects":true,"showParticleSystems":true,"showVisualEffectGraphs":true,"m_FxEnabled":true},"in2DMode":false,"pivot":{"x":0.17829546332359315,"y":2.6953327655792238,"z":-4.71937894821167},"rotation":{"x":-0.004501476418226957,"y":0.005976645275950432,"z":0.0001595875364728272,"w":-1.0000357627868653},"size":0.8660253882408142,"orthographic":false}