{"cameraMode":{"drawMode":0,"name":"Shaded","section":"Shading Mode"},"sceneLighting":false,"audioPlay":false,"sceneViewState":{"m_AlwaysRefresh":false,"showFog":true,"showSkybox":false,"showFlares":true,"showImageEffects":true,"showParticleSystems":true,"showVisualEffectGraphs":true,"m_FxEnabled":true},"in2DMode":false,"pivot":{"x":0.8659963607788086,"y":15.256916046142579,"z":2.302863121032715},"rotation":{"x":-0.05397741496562958,"y":-0.0015122299082577229,"z":0.00024987818324007094,"w":-0.9986194968223572},"size":20.83296775817871,"orthographic":false}