{"cameraMode":{"drawMode":0,"name":"Shaded","section":"Shading Mode"},"sceneLighting":false,"audioPlay":false,"sceneViewState":{"m_AlwaysRefresh":false,"showFog":true,"showSkybox":false,"showFlares":true,"showImageEffects":true,"showParticleSystems":true,"showVisualEffectGraphs":true,"m_FxEnabled":true},"in2DMode":false,"pivot":{"x":2.6979002952575685,"y":1.5589611530303956,"z":-0.10479003190994263},"rotation":{"x":-0.05397741496562958,"y":-0.0015122299082577229,"z":0.00024987818324007094,"w":-0.9986194968223572},"size":4.229755878448486,"orthographic":false}